a,b,c
1.437662756518075291e+00,1.396424436248261625e+00,2.569278989399472191e-01
1.286538989116932097e+00,9.128128772158863313e-01,2.111501014522916275e-01
1.064790292348370304e+00,-1.098641713894170202e+00,2.506360703049630989e-01
1.202410051105974542e+00,-6.699795303293410997e-01,2.841522460604894440e-01
8.907100193969937907e-01,-1.451040479279224193e+00,2.466199269019057894e-01
9.722974298499209578e-01,-7.358253765491407083e-01,2.108267384948201706e-01
1.232638392067949562e+00,1.182916566128309643e+00,2.700589023393429322e-01
7.633068184619200558e-01,-9.221940634564486095e-01,1.906786992458018581e-01
6.527816243581014977e-01,-6.316358247260344116e-01,1.778285934141299873e-01
1.028348595821669376e+00,6.778481315384786710e-01,1.076208913335828798e-01
1.582469207662258626e+00,1.358442095896147173e+00,2.267755617129013079e-01
8.919316127886613987e-01,-6.813905789697003446e-01,2.915126518331233041e-01
1.001044077666888743e+00,-9.955561159761995571e-02,2.945795501648349468e-01
1.328291477546597266e+00,-1.628619414589592251e+00,2.797644991702092354e-01
1.291821780128256325e+00,1.064664207878606383e+00,1.401731190565372320e-01
1.459391237757835302e+00,1.121803311184340401e+00,2.279599460008102652e-01
1.213090563188936599e+00,-2.120279608117455972e+00,2.953359217603684361e-01
1.280814650040046798e+00,-1.799649756530729838e-01,2.811505922916529010e-01
1.075334321642945179e+00,-4.676136807211876967e-01,1.743689658569912981e-01
1.093944089303447553e+00,-7.340199375412140848e-01,2.584029978648767489e-01
1.476332711893413752e+00,3.800902966508035163e-01,1.149761166400335155e-01
1.022552892294224636e+00,1.664041398156985263e+00,1.966864138924296068e-01
1.187165121234271981e+00,-5.455261464403230592e-02,1.066800622709693780e-01
9.271547892082521169e-01,4.167568809191930790e-02,1.738029321946414352e-01
1.320983223017501818e+00,1.012042928035117306e+00,2.108990017524299265e-01
1.103543909985556182e+00,-4.664168220873768922e-01,1.734164806470271936e-01
1.145055724653973650e+00,-7.080058277967861413e-02,2.767199159992404511e-01
1.808545053181339846e+00,-7.150366405408844495e-01,2.957311732009925143e-01
8.689304313637373767e-01,5.899443631531930965e-01,2.880635505484329673e-01
1.105052691711533308e+00,3.232638448487636929e-01,2.191250734557119995e-01
1.270256751903471759e+00,1.780406393197553561e+00,2.514635556539797645e-01
1.360685032987682508e+00,5.824990705393657819e-01,1.644616862348717290e-01
1.077002034789093399e+00,-1.407451871100527718e+00,2.650779792350922981e-01
9.449990245725250482e-01,9.493984152268388765e-01,1.840209712155246313e-01
8.945291383594385914e-01,1.928233195271318312e+00,1.885337897797748630e-01
1.406404000646014119e+00,1.542471026370338505e+00,1.462767123705718264e-01
1.038323015276103156e+00,-3.192983877757790689e-01,2.807077038611056619e-01
1.292872403262269598e+00,-1.502143114486606867e+00,1.878836658371005053e-01
1.171919112754740144e+00,-2.881557523386806680e-02,1.677469680069637592e-01
1.096987867956632945e+00,-7.193816317008813188e-01,2.090940653326241738e-01
9.441605748442172263e-01,-5.815589563969391501e-02,1.495610993475074424e-01
1.163925509221155785e+00,-6.314322814672800044e-02,2.068937849976370258e-01
7.484947809198329027e-01,-1.832007294703236200e-01,1.027137769802795031e-01
1.310203435893857238e+00,1.134149519227674485e+00,2.934609767031283734e-01
1.369511248400297365e+00,9.448006660391783385e-01,2.645063390377850876e-01
1.016450092665946991e+00,-1.656663925229738821e+00,1.700946350954365971e-01
1.147903642919937184e+00,9.081520488224996690e-01,2.292787906642688722e-01
9.912089629307887506e-01,1.517423466333643445e+00,2.628096284915577008e-01
1.268523660663361419e+00,1.262028032993131044e+00,1.266748213372575760e-01
1.357864778212395818e+00,-7.642574911321946551e-01,1.498313065055522086e-01
1.142662362919287133e+00,-1.156633960329135347e+00,2.601347361558435378e-01
1.326998672259438905e+00,-1.490090214940949620e+00,1.542931186938819865e-01
1.685067403160842581e+00,-1.331184878562760021e-01,2.795005115490722947e-01
1.118595505174047489e+00,8.225384019699577554e-01,2.023495183372496786e-01
2.053745120046505779e+00,1.122657710216182103e+00,2.198727420882262418e-01
1.014292734177109967e+00,-1.411303553088127938e+00,2.161874154974115503e-01
1.559540343905647219e+00,-1.255395643707145348e-01,2.948446383367982482e-01
1.059058680529264329e+00,-2.822313189986683235e-01,2.977179483197866516e-01
1.352019684511423625e+00,4.596576596199645204e-01,2.936031498939695172e-01
1.496280595242266864e+00,-1.671367506352213317e+00,1.480921751682987286e-01
1.502890518935915853e+00,-6.499128020405366968e-01,2.358597047675774494e-01
1.274320040309268043e+00,-1.379399728304899209e-01,2.576275032810173005e-01
1.041646994483458544e+00,2.402358005888179104e-01,2.763852376811437028e-01
9.759781726606561181e-01,8.225841741665088636e-01,2.577748747083218883e-01
5.112845270693506805e-01,-1.110622910362553561e+00,2.617727385805169171e-01
9.042461670268460150e-01,-4.151629020488838973e-01,1.819382988849909955e-01
1.109504705737926589e+00,8.788727792889992063e-01,2.657951187063059550e-01
1.178560043300528770e+00,-1.154587563912629955e+00,1.710761540262004665e-01
9.674678276848371894e-01,6.242710745542288109e-01,2.600616871872711844e-01
1.696040098441998545e+00,7.930603146529764391e-01,2.457407823174066197e-01
1.052638008182402718e+00,1.155477057811558295e+00,1.894234935572109702e-01
1.256689624290273422e+00,-5.644776998952109048e-01,2.153385928288581441e-01
1.340008885355691515e+00,1.209368411719613068e+00,2.550363096564989274e-01
1.245164038198543821e+00,2.667305146795605708e+00,1.371467120239084347e-01
9.697868893960271963e-01,8.983538829275861115e-01,1.745273862989406843e-01
1.403186759287470498e+00,-9.661356617524757828e-01,1.381223975853109187e-01
1.230588162629961735e+00,-1.179866704413401912e+00,1.227717756540966931e-01
1.707943859092084793e+00,-1.394961339247315024e+00,2.997612923183732847e-01
1.396933945886501549e+00,-4.716641674338982182e-01,2.089937735664690321e-01
9.810908004279286221e-01,-1.048434639240799271e+00,1.121578881684353324e-01
1.324627213116789326e+00,-7.358799539535184620e-01,1.836849547197589028e-01
1.158927616788579362e+00,-6.593811652528615008e-01,2.287404431505434543e-01
1.155174877465717342e+00,-1.588920459708926397e-02,2.280673030735639595e-01
1.220941732981483785e+00,-4.363773198353550903e-02,1.493001719776144431e-01
1.356726404386816798e+00,-3.719450646819802975e-01,1.807874510631988230e-01
1.128241589444930026e+00,1.804416817050182864e-01,1.555114907442440020e-01
1.216384912225598969e+00,-4.534630796384345186e-01,1.195558288944035680e-01
1.286370183437451242e+00,-8.454770384549344930e-01,2.740403782108253861e-01
9.932673554059832099e-01,6.075496758674576725e-01,1.339880694667613947e-01
1.187113425902433406e+00,2.613640805059315730e-01,2.329074008287660980e-01
1.009469674259756866e+00,1.102489346341901433e+00,1.551374186131354860e-01
9.492081531776808134e-01,-5.643294204296593897e-01,1.468308127103606642e-01
1.410257222972452373e+00,1.983496410277104521e-02,2.447388516584315943e-01
1.612635976668359561e+00,1.358913780044312514e+00,2.053367960122401414e-01
1.152684154092292967e+00,-7.606142828469588668e-01,1.869127727528993588e-01
1.402741199075331346e+00,3.113494519963130869e-01,2.290619608255735351e-01
1.370065481926493023e+00,4.759415573660075172e-01,2.008408259404341756e-01
1.285320952914504211e+00,-5.637487694398380933e-01,1.492356666500119500e-01
1.556436379386318736e+00,1.220646397564185692e+00,1.035629731637257023e-01
7.174210882260212419e-01,2.125417003443015762e+00,2.854718839765949534e-01
1.525335837131531758e+00,-7.869692099897517279e-01,1.041349025954264040e-01
1.150066972856924385e+00,2.065935867017584471e+00,1.813957076506678978e-01
9.411305817286292896e-01,5.706265014546659797e-01,1.235721377487204731e-01
9.021113899030553940e-01,-1.311649022768136330e+00,1.278204549247276833e-01
1.317632873422554418e+00,-6.543572012037444097e-01,2.330359821654149621e-01
1.174725100708817083e+00,-4.603672959147445121e-01,1.458547341083337445e-01
1.184117588983252034e+00,-1.180548792228673038e+00,1.413184017541525006e-01
1.470910533188171554e+00,-1.320769666694876943e+00,1.613022212021841539e-01
8.950030401190800511e-01,-1.208299583273736710e-01,1.154129964680550291e-01
8.293879096100749138e-01,-6.282066764401365022e-01,1.123518904640464777e-01
7.761668487919728410e-01,-1.064930979373583941e-01,1.389793194297974654e-01
1.077076402919495468e+00,7.172662662374129638e-02,2.548958164222335787e-01
1.004876551450279543e+00,8.219458974010992458e-01,1.848534395739153124e-01
1.453595756051172749e+00,7.112792859313024074e-01,1.973803593723648109e-01
1.341233805056102124e+00,2.758913454267682419e-01,2.641542259462613118e-01
1.436744285041429370e+00,1.998286205164643059e+00,2.077437809874293773e-01
1.516132063957764675e+00,6.079984415726484848e-01,1.780732281478092927e-01
1.000383240789458172e+00,5.200124127251989220e-02,1.388114857519831824e-01
1.485151901263454643e+00,-3.723724626815149152e-01,1.286898971763930921e-01
1.030026351841725196e+00,1.933709110996179481e+00,2.467388395207072427e-01
1.345123033536241630e+00,1.055037298111448640e+00,1.075765664168840952e-01
1.354569004049500203e+00,3.155759972280431924e+00,2.147239191592150986e-01
1.378247692527547086e+00,8.289379536817679250e-01,1.424291762970900932e-01
1.510971860328178540e+00,-9.523166811448762203e-01,2.587089843543188272e-01
9.782385436113080202e-01,1.441184878655612955e+00,1.251040691179758080e-01
1.232543834917767533e+00,-4.022840559014004280e-01,2.503280027197308799e-01
9.773566317940463044e-01,-1.060192990449120742e+00,2.700861970466055806e-01
1.598079602133599231e+00,-9.191019580231574171e-01,2.343652476968995924e-01
1.438470788095975283e+00,1.849711139187613984e+00,2.259594906450507756e-01
1.369540501812185784e+00,4.817814546389337371e-01,2.486214243736637741e-01
1.155069051108888356e+00,1.440718029998740768e+00,1.359012022134946096e-01
1.154246174799924418e+00,-1.523997172698128955e+00,2.227079079079074542e-01
1.481649221526438964e+00,-1.626976522184415963e-01,1.328731869858316983e-01
1.329005766912003228e+00,-1.121507367115609721e+00,1.490738932930927851e-01
1.308304209005496599e+00,9.508435522363509751e-01,1.581967299796237791e-01
1.242822541831099858e+00,2.561465848649341903e-01,1.114134773807728129e-01
9.275364804031078769e-01,8.819059068496204468e-01,2.200229753032957869e-01
1.150792428250337451e+00,1.019424678525014949e+00,1.771641647295812139e-01
1.478384191766597411e+00,5.858695293087163858e-01,1.947087353248441177e-01
1.628558911062832681e+00,1.325326184565284615e+00,1.585794271276523282e-01
1.337004544817307128e+00,-6.566702343045411894e-01,2.014141485996273906e-01
1.558515714523228679e+00,3.014297810902574759e-01,1.763017289925852549e-01
9.050614639870426803e-01,1.149041541732234606e+00,1.645433114522979190e-01
1.084463185059316936e+00,-2.741326806983416242e-01,2.206641171497367437e-01
1.618493190705610152e+00,1.210318011497943047e+00,2.976365684137668999e-01
1.205218444133234090e+00,7.662856417108947216e-02,1.856287666643742784e-01
1.556292356698280033e+00,-3.956746041639100375e-01,1.420329609431844886e-01
1.659360524003388182e+00,1.327805256665541167e+00,2.795204480725408391e-01
1.229084182329369446e+00,6.747876140851307714e-01,2.889066378510475319e-01
1.152421884915192374e+00,1.605864511571423181e+00,2.829956812726897586e-01
1.094193933328275081e+00,1.508771175150913635e+00,1.718138885175860553e-01
1.645967673085389826e+00,-1.752842817049168556e+00,1.355300323792645867e-01
1.191360688375511234e+00,8.615358787696968459e-03,1.835744416480670771e-01
1.724047825034623838e+00,2.817492267884999860e-02,2.650789399799645674e-01
1.514687755956931614e+00,9.025745533032552004e-01,1.781890530198850242e-01
1.580522371140372861e+00,8.861114957656232027e-01,2.519924646156588843e-01
9.839301672492792861e-01,-6.511602659081646705e-01,1.504575846583234289e-01
1.013686876190980080e+00,5.897296046796389468e-02,1.492864572427325121e-01
1.034585831662682143e+00,-1.082550030907576621e+00,1.081632976472099994e-01
1.273262868950354898e+00,-5.559385467303638029e-01,1.733730109837267330e-01
1.286658349157420167e+00,1.421608602114597497e+00,1.594492133315654203e-01
1.086713037700377305e+00,4.424857982907037801e-01,1.481643391461655301e-01
9.133057183982510319e-01,-7.675650358770599313e-01,1.967077971308825723e-01
8.540465025710939351e-01,-1.270597009553790624e+00,2.743860067761546007e-01
1.341521748639757039e+00,2.014812689630061548e+00,1.922118730496766847e-01
1.046755699004562556e+00,3.581199763780692491e-01,1.358443642794010253e-01
1.164952618265483020e+00,1.463912235910123316e+00,1.387136728216688264e-01
9.445541278194151680e-01,-1.614074396763049313e+00,1.593161663400983474e-01
1.513238465662334331e+00,1.308572378191133811e+00,1.698564061830847849e-01
1.077384833022128063e+00,6.344735145059492432e-01,2.502359557855324823e-01
1.448579425687111844e+00,-1.083909831116363520e+00,1.437640813557126140e-01
1.377318620075906885e+00,-6.458921767760710253e-01,2.657730528692781591e-01
9.805438773234687044e-01,3.372701822283408757e-01,2.549145051967669495e-01
1.606108991930944585e+00,-3.208280094315985598e-01,2.324622875616065565e-01
1.276304710428706413e+00,-6.892901351107556529e-01,2.812943297114416374e-01
1.129687663735966963e+00,-1.413257306549983827e+00,2.610657557890309621e-01
1.505778886688259544e+00,-2.336776005738076534e-01,2.066102003059081260e-01
1.184912049287230706e+00,1.183077710067351962e+00,2.217572890751775549e-01
9.011813483431470040e-01,6.073770816169776765e-01,1.210798261052136171e-01
1.683456654885581827e+00,8.140561726354048622e-01,1.520625241734636646e-01
1.256499098145797522e+00,-2.132774209634487883e-01,2.814892205131555580e-01
1.326301758039991396e+00,1.630735860131917958e+00,2.747905249508736381e-01
1.138636339543754206e+00,-1.184434322228517411e+00,1.844932162703339373e-01
1.211827078161994642e+00,-2.982376445539660637e-01,2.130804890355231518e-01
1.022295798424040836e+00,-1.264280553582064703e+00,1.911562264373969644e-01
1.137439115153146885e+00,-8.370258969808181959e-01,2.664527318199211847e-01
7.700439123360923732e-01,1.376441244010944143e+00,1.768952242413444620e-01
1.082456009559156440e+00,-1.155856975000959963e+00,1.964757306631310929e-01
1.523380159454415850e+00,-5.200383800626001696e-01,2.959333440663514669e-01
1.431667291578548218e+00,-2.959215521467510435e+00,2.800854279859110729e-01
1.142499828167314657e+00,-1.874617724524452411e+00,1.588162843525935952e-01
1.328656377565143432e+00,1.331424426747152667e+00,2.199174829778455520e-01
1.453202473862432509e+00,-1.736628468746556075e+00,2.599089284749511730e-01
1.154277290765296948e+00,8.065183058179010711e-01,1.899916019021047064e-01
1.462515987389327421e+00,7.966707038042830646e-01,2.895611960256444517e-01
1.073470849445656849e+00,-9.573948339134731311e-01,2.750454396788628020e-01
1.450051806531309051e+00,-6.953483349429633309e-01,2.743504101832801578e-01
1.437731857228867538e+00,-1.392294944785565924e+00,1.556486670220394442e-01
9.619656195260727349e-01,-1.447587640010575383e+00,1.915090296624964161e-01
1.228798620186857926e+00,8.620102765324053062e-02,2.161119927118113071e-01
8.864336318782011226e-01,1.399788050439595699e-01,1.930121449976305581e-01
1.116912440464285838e+00,-8.317382445416456882e-01,1.766171833526853086e-01
1.049475995470710687e+00,7.277655960595609264e-01,1.992460090253846960e-01
1.331798221954068273e+00,-5.170436212155050670e-01,1.604351147958830714e-01
9.023205729781847984e-01,1.713339360454695592e+00,1.426720029640582976e-01
1.111122844486803984e+00,8.274124451131579239e-01,2.608165673061743073e-01
1.220410651269724145e+00,-1.475931197443048237e+00,1.391585822404741157e-01
6.498928679452470325e-01,-1.519299370619285661e+00,1.778990360855254027e-01
8.159849669004943795e-01,-1.548517680399698504e+00,1.520895982533050639e-01
1.400423752077957218e+00,3.963986550079232063e-01,1.570666248498942541e-01
1.375283951108677405e+00,7.751664838275434954e-01,2.609909128668875811e-01
1.273671199059888792e+00,1.563305934886401127e+00,2.228779482216786401e-01
1.557652059743460882e+00,-8.742621046819326613e-01,2.587686546371449903e-01
1.170008454139079834e+00,4.672937387323724545e-01,1.724833605154424965e-01
1.066248626966747937e+00,-1.438063959380672385e-01,1.764454225709639612e-01
1.337770291529775557e+00,1.523005492875339373e+00,2.633171492790482016e-01
1.254546396964504096e+00,3.104393044116672273e-01,2.231874702637622054e-01
1.510659421990175666e+00,-6.938971423846539144e-02,1.022735457551871008e-01
1.105603291441500602e+00,1.262800750352385482e+00,2.782185623418622078e-01
1.404009507366580811e+00,-3.037534707511150844e-01,1.306313716991283902e-01
1.297977312688280316e+00,-2.548144463722198383e-01,1.725424191595718582e-01
7.709839785345533603e-01,1.104752769049724304e+00,2.464957095746106719e-01
1.014116674281794639e+00,-9.945963229495548008e-01,1.674712650146436277e-01
9.251123479642655578e-01,-7.352807675153720801e-01,2.943365457288397713e-01
1.087497073139370496e+00,-2.728783881461181338e+00,1.135319812025096936e-01
1.377173070305634184e+00,2.243770854045624707e-01,2.194973539628479187e-01
1.375048112610425255e+00,-1.008599638813665544e+00,1.738204192347311550e-01
1.444678955732473069e+00,1.182218115422968729e+00,1.165330525445757853e-01
9.767678152987957496e-01,-6.700686401810164172e-01,1.492708574955222967e-01
9.076316976009954907e-01,4.399612061929989992e-01,2.564099484843425092e-01
1.130174719563207697e+00,8.754410216571594239e-01,1.571487433297306668e-01
7.859926832674435371e-01,1.141862944122761903e+00,1.479440114015930785e-01
1.053260641661935448e+00,-8.864398050310401400e-02,1.101861899528791267e-01
1.201098474966809437e+00,-2.651026217651525699e-02,1.386146401233496195e-01
1.214600396143605154e+00,1.273713970056698619e+00,1.883997086741534543e-01
1.236281035522296179e+00,-5.465520263484219265e-01,1.749479624983964199e-01
1.048511451661765959e+00,2.204454043022565202e+00,1.484173254567649758e-01
1.355076029259267623e+00,1.380995173690328648e-01,1.198222285619064964e-01
1.368732590142974326e+00,4.798137817709834385e-01,2.452298764883779347e-01
1.453380421168352754e+00,-6.777829077158628035e-01,1.074269830707915707e-01
1.634227329724932343e+00,-9.533639371172901722e-01,1.954231468514557590e-01
9.357017469446986535e-01,-1.304456980749489348e-01,2.108508305239909786e-01
8.310487136073760883e-01,8.422947998167988892e-01,2.383117746003288462e-01
7.827333596156372808e-01,-2.144985981681868825e+00,1.366582373307642095e-01
1.535335698184155273e+00,9.961255586924995242e-01,1.049206578372557513e-01
9.005443918283787541e-01,-2.223085415287381073e-01,2.707474842368644552e-01
1.278666575977932318e+00,-2.534629150284443133e-01,1.351703663588009197e-01
1.621689231884002824e+00,6.676493943419870014e-01,1.578498280472582505e-01
1.318743687032566170e+00,5.608263703352962537e-01,1.680736514887248290e-01
1.062197942125787442e+00,-2.589605247793727472e+00,1.069971882127734308e-01
1.419718538472906078e+00,-6.724965454514184593e-01,2.619541641316852076e-01
1.045714413762317996e+00,-4.831798517568249296e-01,1.467763111454461200e-01
8.855270954886582668e-01,1.085124852162246079e+00,2.891530376005757019e-01
1.600354326604335853e+00,1.762152337541763147e+00,1.567650132889906733e-01
1.290718042317355652e+00,-1.717807828827672689e-01,2.476661104831196503e-01
1.253130726858794564e+00,-7.781360347859257731e-02,2.846615833912445881e-01
1.213756905237299621e+00,5.602723521107673132e-01,1.324322247865646618e-01
6.526261186429852534e-01,3.099435468421802078e-02,2.792599189769163215e-01
1.619542986755303504e+00,6.440357616445610001e-01,2.579645246228868816e-01
1.788891272040891600e+00,-4.125549906233821895e-01,1.195769715198522348e-01
1.348188109157753889e+00,-9.632931309971319855e-01,2.768684958317865208e-01
1.108215525778810884e+00,1.174034209031718623e+00,1.131675644335784492e-01
1.240983221503432432e+00,-1.344017991635060971e+00,2.208665187028369392e-01
1.081265101528667616e+00,-1.740676379721671774e+00,2.946622716123624142e-01
1.516847681602402798e+00,4.658208187614562013e-01,2.407242589534926980e-01
1.562976962165643968e+00,-4.905552664154036457e-02,1.785048076644739912e-01
1.393328796883877896e+00,-2.098689978998928840e-01,1.854459407261082604e-01
1.283066755968842898e+00,-1.667558706973626625e+00,2.173866028627599867e-01
1.019379354678356941e+00,7.103408499920522701e-01,1.563101598744565945e-01
1.435009723660012115e+00,5.870121439772963967e-01,2.148402733410874066e-01
8.981397559731855162e-01,1.721713813193514464e-01,1.195295383620198076e-01
1.406361907441641801e+00,1.122327956985798236e+00,1.252733983758978209e-01
1.180718407035599826e+00,2.008223131373457204e-01,1.501496499390488348e-01
1.588473595195415644e+00,-4.485879187071703522e-01,2.048514651022559641e-01
1.315377357437248262e+00,1.481714303262428034e-01,2.112838317937172916e-01
8.920711074680904851e-01,1.177911607721536802e+00,2.480461017166404603e-01
1.235405454972119621e+00,-7.549115760860950486e-01,2.403486828421682597e-01
1.142657977089311494e+00,-1.072313691218239051e-01,2.942138313277657957e-01
1.479632536231378692e+00,8.547444328722416662e-01,2.387958879562617209e-01
7.881632894139599665e-01,1.357579552323223915e+00,2.967877722805092877e-01
1.769008649965019941e+00,1.665457602066286569e+00,1.981082513691299340e-01
1.407212143487681422e+00,-1.138770890187548845e+00,2.517645769972199354e-01
1.068165232190677605e+00,-4.392169509077279987e-01,2.256999558464025946e-01
9.389241670022300257e-01,-5.472752839567389671e-01,2.067536391779889460e-01
1.095210290033830081e+00,-7.392587226043160209e-01,1.645642782655617753e-01
9.226367767795606856e-01,7.475230798721504977e-01,1.834419022449346737e-01
1.040060807021472966e+00,1.832750075240391796e+00,1.061597924156098965e-01
1.117142509816138496e+00,1.021059534093628596e+00,2.992415486724213092e-01
1.203448254583435739e+00,-1.485195714103358267e+00,2.669076771957744620e-01
1.008205096903920905e+00,-7.834519110552637944e-01,1.514846197725963906e-01
1.515427903460882408e+00,2.544004506694685364e-01,2.163028313755925858e-01
1.169474696523526092e+00,8.399749173892170351e-01,2.164798232430988900e-01
1.119524973289473646e+00,-2.671041682261187655e-01,1.564793682285667009e-01
7.115132028574511214e-01,-2.337852010481066944e+00,2.599261428484891390e-01
1.180246397228189359e+00,5.980596854261079898e-01,1.723323564867267621e-01
1.871292688739449428e+00,-4.007158427283469271e-01,1.296247886672803051e-01
1.474716998748520691e+00,6.948072587791946919e-01,1.987729819416012844e-01
1.562400834833013397e+00,-8.735501784104503509e-01,1.441363808495439991e-01
9.944331906195980064e-01,9.785055375826834378e-01,2.790825638722474467e-01
1.595102687532983232e+00,-1.099596184168317725e+00,2.984849940990416672e-01
8.513954761569035856e-01,-4.449309100715722054e-01,2.007637670105922034e-01
9.793725279412678342e-01,4.711992370666658880e-01,2.688058991470455017e-01
1.276244597415207460e+00,1.450067374767118576e-03,1.553401050013607509e-01
1.086550442758798196e+00,1.059869455714588932e-01,2.633423019195769710e-01
1.024900021832966468e+00,-2.993832746077355056e-01,1.640747061502705051e-01
6.800292950515798296e-01,4.747964766718487106e-01,1.052126696004188483e-01
1.174645043481115536e+00,-1.178675574934457959e+00,2.767620020108845225e-01
1.192216423604990583e+00,5.985947127321409322e-01,2.646523240642981167e-01
1.214098136857667098e+00,2.125758284811458232e+00,1.449482114588341586e-01
1.624484336341886603e+00,-2.778202581178975117e-01,2.440629577951452245e-01
1.394410968870573697e+00,-2.486346391949955381e-01,2.985157850867521945e-01
1.241259142838667895e+00,1.299555802330284893e+00,1.900789526655934925e-01
5.717083351872560559e-01,8.734132021823504122e-01,2.786086537408096198e-01
1.661143838831079522e+00,-2.659192654480224127e-01,1.480206111282301173e-01
9.663977144736983771e-01,1.124765776138808793e+00,2.052187706018836488e-01
1.340170478948654598e+00,4.333101693965575874e-01,1.337742298611787062e-01
1.353234705891430689e+00,1.518842129793524398e+00,1.980471413916956303e-01
1.551185003543403607e+00,-1.776117384304134905e+00,1.933927368267942259e-01
8.591148401951490543e-01,-1.529892008615683752e+00,1.001905024459341514e-01
1.510405457672318041e+00,-1.382350366852105106e+00,2.208507333578403065e-01
1.321427558124972368e+00,-4.254992770519175904e-01,1.294085255369867293e-01
1.672072648227102887e+00,3.641710338190080609e-01,2.955880996918210379e-01
1.449011036477791947e+00,-5.328969252524774491e-01,2.358276522458288282e-01
1.078021065658282485e+00,-2.169492442025992562e-01,1.873816419306002790e-01
1.333113807956139540e+00,-4.148435423185733439e-01,2.268782669275630770e-01
1.026980859517484079e+00,-4.891659819724729075e-01,1.775548612724627273e-01
1.149011015277067171e+00,9.394933607788278351e-01,1.100433593327257986e-01
1.268988593695167921e+00,-7.486548057083079744e-02,1.674809538976283763e-01
1.251050638195023934e+00,-4.823047552619348366e-01,1.266136158484462981e-01
1.297490530524154417e+00,-1.098823202854885439e+00,2.048950844806845528e-01
1.382063041620908539e+00,2.066476536372017503e-01,1.100194252366289427e-01
1.463000569753596602e+00,1.040464457611169680e+00,2.566042666169645048e-01
1.670302068586192235e+00,-7.515536370463041793e-01,1.656231827148303137e-01
1.417651463716900651e+00,1.710460918789225293e-01,1.011819290255686482e-01
1.155038199734184090e+00,-1.475527907493975333e+00,2.511804791745035348e-01
1.070418443555272381e+00,-1.813325596660178229e+00,2.692259504769510814e-01
1.355488285296245987e+00,2.038902564083144409e+00,2.684545093423972850e-01
1.282742463127787058e+00,1.207854986238494216e-01,2.558199754692317418e-01
1.034673341488867360e+00,1.464845078850231852e+00,1.149504888310423772e-01
1.104801077156398081e+00,-1.041668228434807331e+00,1.657584087549848484e-01
1.060246399017612307e+00,-4.196765970393372958e-01,2.607687809506021859e-01
1.007260669416011334e+00,1.547665705636133815e+00,2.134943737858401025e-01
6.942491051781187750e-01,5.452746094007091537e-01,1.407421526602912198e-01
1.224259326952488403e+00,1.842055760941909037e+00,2.445719700312214417e-01
1.228691043630179225e+00,9.222233605267503576e-01,1.782164420156328588e-01
1.074434498191472409e+00,-1.073438929345610804e+00,2.541374428792412266e-01
9.777570391442200748e-01,2.706144683638541437e+00,2.758682469365690282e-01
1.457087567808173389e+00,9.939325901708180311e-01,2.398294625197421315e-01
9.614447804113435136e-01,-3.326251802016642611e-01,1.397261116847974827e-01
1.352159710421210637e+00,1.043423814420311596e-01,2.606490963989535614e-01
1.264138482340011471e+00,-3.559253587556043263e-01,1.792432931316221556e-01
1.047523384007733815e+00,1.627802754358819437e-01,1.517979441793260442e-01
1.295412531305560444e+00,-1.152397859656048712e-01,1.229255666092146509e-01
1.014016824462255384e+00,1.505975423870356655e+00,2.329077337599605169e-01
1.236875795793315858e+00,8.940064539582943670e-01,2.447993978850600549e-01
1.050674881660486060e+00,-1.057249170985864739e-01,2.163440927018945581e-01
7.438721566985193601e-01,2.696803113601720536e+00,2.571023758381943414e-01
1.298184558674393418e+00,-3.165204806568141516e-01,2.997446538847283737e-01
1.331658384158381558e+00,-1.247169277081570327e+00,2.196776653136491009e-01
1.330977069060299778e+00,7.497454100960958545e-01,1.674261529500924439e-01
1.009421214868005956e+00,-6.446190060979208880e-01,2.300547889769679333e-01
1.013650123678167425e+00,-8.395996324669594557e-01,1.583785201804656095e-01
1.277693433881908369e+00,1.949177601767209334e+00,2.771113211620804262e-01
9.028436634768479685e-01,2.788328808453494068e-01,2.713221458140485098e-01
1.091758537449141198e+00,-1.048591298272272043e+00,1.091372742758780351e-01
1.268004015682722807e+00,-2.966739439848292692e-01,1.435778125541330719e-01
1.474609322849292026e+00,-3.548763462029897453e-01,2.140912573481412451e-01
1.305415667968078841e+00,-2.187611570052275939e-02,2.575647154579998599e-01
8.260636927388478323e-01,9.912376286072190762e-03,2.687901201064259449e-01
1.369926867917577118e+00,-1.072806294268100702e+00,1.540556964278714525e-01
1.518406075850933457e+00,-1.962508278228476399e-01,2.559303847174689839e-01
1.044475395159087716e+00,1.861170193722724853e-01,1.265466145919742214e-01
1.463533349911799730e+00,4.818407663231779603e-01,1.672434572578414547e-01
1.598725341086801421e+00,2.849009062189211128e-01,2.072407785617683962e-01
1.150373362431909685e+00,6.816619695198024020e-01,1.034283516239362100e-01
9.744216325703100035e-01,4.703960267721345456e-01,1.355354950998280406e-01
1.211021497932263546e+00,1.898772525903553443e-01,1.533707998253220073e-01
1.290012230123136039e+00,1.668695730011563461e+00,1.221851096422099936e-01
1.308850899948516888e+00,-2.153145638051581212e+00,1.861098841891318800e-01
1.218895789178525257e+00,-7.261127568997375326e-01,2.163894533340172399e-01
9.918988367323456901e-01,4.146401330403175489e-01,2.587794700745585930e-01
1.292627677859614410e+00,-5.194217409564449994e-01,2.524618303571592448e-01
1.494245063092489056e+00,5.505353002622003222e-01,2.397443918137754648e-01
1.514799497049946098e+00,-5.868296087147722995e-01,2.287889415858008202e-01
1.431953253706413687e+00,-3.315515193782402337e-01,1.377513944605443796e-01
1.386960391890185385e+00,-2.619186750428249000e-01,2.246859377762119581e-01
1.103475652161154841e+00,-1.579748034126950751e+00,1.384233107093692516e-01
9.821208371484769772e-01,-7.229883278240993860e-01,2.412536041583787649e-01
1.080204284072371124e+00,1.763040225279657758e+00,2.118275140894667619e-01
1.037049534491161662e+00,-8.132397458145381730e-01,2.586504958747826710e-01
1.455338106866639780e+00,-1.418296780015839476e+00,1.850114036402378537e-01
6.787888446952339283e-01,-3.022260006145544020e-01,1.484621584060403510e-01
8.522774268349830873e-01,-7.312100123894997861e-01,1.765395359456628788e-01
1.339828792143451075e+00,-4.331747982304287592e-01,2.295945003650298466e-01
1.012980720960581005e+00,-1.270163259119322152e+00,2.411082711764426789e-01
1.381190682816597404e+00,-1.156844153209185128e-01,2.433118895993499897e-01
9.849121266571841948e-01,1.362919214149726388e+00,2.808413578518235698e-01
8.537087126032882889e-01,-1.390264253939321737e-01,1.401361287727891647e-01
1.188471695017271790e+00,2.325000404357092099e-01,2.496538610229692701e-01
1.171518502556904151e+00,4.689901656903403548e-01,2.747231774458778752e-01
8.312144144191724315e-01,1.337655297357523088e+00,2.376252637259529399e-01
1.094212876574233162e+00,-2.229499582918226946e-02,1.180087188935374370e-01
1.625418566889481164e+00,6.725012697883373525e-01,1.067812239698003318e-01
9.754162697536620241e-01,7.604404515876839188e-01,2.950528689124064519e-01
1.149932078481497699e+00,-7.662117243118128362e-01,2.054293732230500213e-01
1.194300708379812281e+00,5.990554425963195984e-01,2.755585844989820177e-01
9.996261753256341365e-01,-7.567312060839852528e-01,2.610319308415131601e-01
1.357122674481412439e+00,6.475196606352890960e-01,1.567128833606090121e-01
1.542811692958233616e+00,5.382292473072732841e-01,1.229345698659161101e-01
6.517861760652350345e-01,-1.380056528170881869e+00,2.212791279230701680e-01
1.145728697201271462e+00,9.160787072196658887e-01,1.252750442065240499e-01
1.278093927816716935e+00,-6.552895851314158859e-01,1.153247772670568660e-01
8.746084617440437192e-01,8.860645004337392994e-01,2.657645616399602617e-01
1.442143767520350561e+00,-6.911006032035579283e-01,2.923733943753715203e-01
1.529704894640302237e+00,-5.746060747160265381e-01,2.373982726421119960e-01
1.174856808721707946e+00,-2.334154571275794510e+00,1.415459096589649635e-01
1.601254212016448131e+00,-3.866413982166918006e-01,2.388085911441229503e-01
1.421114230175434257e+00,-7.872116668066794221e-01,1.840866795323211902e-01
1.296363258114638928e+00,-2.859554635154105684e-01,1.793878392207849393e-01
8.374868399845857292e-01,1.062728259593423097e+00,2.751887925580058236e-01
1.340779856277400039e+00,-4.687194022087672884e-01,2.018757367265909264e-01
1.682040736734856656e+00,-1.676741746593551241e+00,1.158683193534528338e-01
1.347437146758898585e+00,1.464074357229241605e-02,2.825082833490351053e-01
1.496283760708353450e+00,-1.032216645205766392e+00,1.176843890137633242e-01
1.026213277226815102e+00,-3.865989013539958274e-01,1.290062688071244856e-01
1.073915132589703170e+00,4.949526765911937964e-01,2.419616706338305334e-01
1.408715532127348347e+00,-1.661877249204735785e+00,1.559455471071363730e-01
1.325108404292902886e+00,-1.217777034572079753e+00,2.266815521578625647e-01
1.302000764279106715e+00,-1.537770450120344190e+00,1.182456235126495420e-01
1.106945340245450327e+00,2.190316284267312119e-01,2.680222150701784822e-01
1.141314159065896172e+00,3.386898180987848450e-01,1.237476730026909610e-01
7.222555609754165440e-01,-2.306303869233007342e-01,1.086484965716662254e-01
1.028746343157650234e+00,1.444949157521888461e+00,1.660783019568589647e-01
1.176584362790964677e+00,3.427765889640498748e-02,1.161674488152001916e-01
1.209464400711198095e+00,-7.124129022466344496e-01,1.445045574392494203e-01
1.269413959984697637e+00,-1.053130068366809446e+00,1.755328370609975652e-01
1.311665383153770126e+00,1.433870362877031512e+00,1.977938492778933688e-01
1.417071388736411697e+00,4.226317349593811667e-01,2.054019920908702335e-01
1.308647730969466405e+00,-7.812697857239638832e-01,2.584269291944764069e-01
1.357691879488251319e+00,-2.632415154126673151e+00,1.951556678368723818e-01
1.431656251044332251e+00,1.224006047561297716e+00,2.148881645667593820e-01
1.094688944137841569e+00,3.916912275925359399e-01,2.107896463945602705e-01
1.153613979951283675e+00,-5.989659962922171399e-01,2.006753951019460136e-01
1.078928759998629028e+00,2.159957906868354094e+00,2.043154979551772832e-01
1.349401398205510416e+00,2.969033918620428980e-01,2.737579994830999230e-01
9.750847470866337297e-01,1.158263331286448483e-01,2.847911478697815468e-01
1.586833061210980667e+00,-8.632563155663315613e-02,1.366507366643688326e-01
1.127100883394175357e+00,-2.267776694508565338e+00,2.621206720493299280e-01
1.141033204354297448e+00,-4.995555336916870925e-01,2.172411759977161683e-01
1.316970147020996684e+00,-1.853355483298412709e+00,1.793147675826934073e-01
1.339561455973614201e+00,2.292513690048254560e+00,1.728634397807484735e-01
1.373730360315196686e+00,-3.688506975036928148e-01,2.823208541798415405e-01
1.387412252853690298e+00,1.251623280594959198e+00,1.878560477622561176e-01
1.164855090016564398e+00,-7.010245868772994882e-02,1.768290676165640007e-01
1.102118883214024514e+00,-1.031762046351279327e+00,2.158639830857320974e-01
1.328058978539156998e+00,1.513993004201180659e+00,2.015880205385646162e-01
1.143865928423779543e+00,2.398751147591891286e-01,1.805917632316092480e-01
1.366155807594052973e+00,1.197690323001280976e+00,1.599742104016322053e-01
1.394048577481664219e+00,-9.014997710066848802e-01,2.533414983215996896e-01
7.820511781578468602e-01,-2.367988302751445617e-01,1.203143749560758452e-01
8.256695803118266896e-01,3.538859315012092277e-01,2.444783170085046697e-01
7.908531868897792361e-01,-7.362617301444525086e-01,2.971838543559004453e-01
1.210755919936465697e+00,3.368082048292612152e-01,2.812384522446924606e-01
1.139087785020697297e+00,-1.582620784076049336e+00,2.302394264867380358e-01
1.095963509452967610e+00,-6.426330153314332438e-01,1.092265390415297771e-01
1.010160212435891047e+00,2.678376955358489631e-01,1.854903177246238488e-01
7.876128401157667103e-01,6.557453124122603061e-01,2.601205692519965029e-01
1.504528567171726561e+00,-1.928188216896420948e-01,2.747745003748552906e-01
1.209637034410892209e+00,1.306253620384222103e+00,2.222926492029037027e-01
1.148104274963372307e+00,-7.008474482093622893e-01,2.992562540805504545e-01
1.118872450582291567e+00,-1.953842038554756966e-01,2.446420007011507469e-01
1.603390748147908829e+00,-4.258787740899326879e-01,2.422075138781737969e-01
1.384935356005474683e+00,-1.138301815899027403e-01,2.809752927712533821e-01
9.310688345821080958e-01,1.678987233232206222e+00,2.955568552320563813e-01
1.264729284019189715e+00,-1.759672742950917912e-01,2.659504674453027628e-01
1.252956640995906090e+00,-1.087627274524853194e+00,1.106100958233125486e-01
1.432576228893941872e+00,-2.322164513786701967e+00,2.362968623154845238e-01
1.628370262479599040e+00,-9.626612561601020079e-01,2.392281296574826910e-01
1.945419169084341871e+00,-1.122862597551306019e+00,1.750550978706289229e-01
1.388018229763498201e+00,-1.279488614602546925e-01,2.958084672172316965e-01
1.550294239503132721e+00,1.442673105568406999e+00,2.570903174741885899e-01
1.148306647469329089e+00,-1.255272641032241898e+00,1.325564913054911587e-01
1.675493343593646767e+00,1.063086488878751817e-01,2.737034908538493183e-01
9.866839747406526140e-01,7.228358682519901990e-01,2.307906876497423654e-01
1.391574134355021641e+00,-5.221894385261652838e-01,2.060225987725699259e-01
9.294067849302871664e-01,3.010011904960233631e-01,2.326879092131825533e-01
5.946042739728946147e-01,6.619881743998545787e-01,1.445350119350245488e-01
1.577537199665116630e+00,-1.273313808243115908e+00,1.250388241705311931e-01
1.619873185597687559e+00,4.869780609236744051e-01,1.859841967755883618e-01
8.461626509799948792e-01,-3.832891880983080868e-01,2.507401987388768183e-01
1.050967320487638190e+00,5.303719343691228882e-01,2.857962234595301521e-01
1.312838929511458197e+00,-3.461383081136040762e-01,2.780992156300758356e-01
1.329979029781581890e+00,1.173898956830227158e-02,2.727261079340637107e-01
1.073169154832325001e+00,2.662364265168928323e-01,2.563760237787373608e-01
1.519721212443315927e+00,4.253876413243485310e-01,2.655684441277181285e-01
1.297031128722002880e+00,9.157749380765907166e-01,1.683634391974493383e-01
1.075982777622187969e+00,-4.592165374774002107e-01,1.354709550561822018e-01
1.298512375965629850e+00,-4.127626706756793440e-01,1.961130478098057073e-01
1.014404584501203521e+00,-1.804945455184047809e+00,2.463497175576901121e-01
1.010138975165737474e+00,-2.897404067900795965e+00,1.533017512386480041e-01
